name,serial
Bigtax,773-989-7451
Stronghold,481-334-8233
Flowdesk,291-734-7944
Andalax,753-871-1779
Fintone,925-534-3549
Konklab,779-358-9946
Biodex,417-531-1693
Quo Lux,929-179-5568
Andalax,616-569-8222
Treeflex,336-897-3347
Toughjoyfax,354-936-8416
Vagram,362-367-7869
Ventosanzap,346-355-1549
Alphazap,767-356-1455
Sonsing,261-887-5187
Cardify,332-175-4283
Sub-Ex,116-674-1975
Andalax,944-687-7659
Veribet,114-787-7155
Ronstring,372-268-4657
Latlux,522-967-4931
Bitwolf,171-242-3229
Cardguard,351-835-6232
Solarbreeze,494-834-8936
Temp,892-788-9944
Konklux,282-277-4819
Y-find,477-795-8767
Flowdesk,497-649-5141
Wrapsafe,689-234-1881
Tresom,552-971-7818
Biodex,197-214-4232
Fixflex,343-482-1159
Job,769-422-9287
Ventosanzap,195-623-8624
Stringtough,444-964-4387
Tresom,423-352-8811
Andalax,695-734-4535
Home Ing,126-315-3643
Stringtough,682-196-3186
Treeflex,939-996-9748
Kanlam,517-847-3517
Stringtough,396-455-6818
Alphazap,824-387-4584
Gembucket,588-562-9718
Rank,737-182-8439
Subin,819-597-6795
Regrant,736-219-9347
Voltsillam,463-766-5412
Fintone,854-224-1882
Home Ing,868-922-4533
Lotstring,186-675-2173
Bitchip,869-384-3695
Cardguard,545-723-4939
Voltsillam,977-289-5436
Zamit,436-556-4246
Alpha,556-528-5593
Otcom,655-331-3934
Toughjoyfax,825-897-5595
Tresom,623-812-5387
Domainer,229-298-2649
It,856-123-4311
Sonair,517-527-5872
Otcom,127-449-2226
Flexidy,734-433-4875
Andalax,224-272-7719
Y-find,651-395-8215
Konklux,688-293-9726
Kanlam,217-575-8439
Tin,126-964-1485
Fixflex,286-179-7361
Gembucket,759-943-9224
Sonair,642-975-3618
Duobam,962-439-9549
Keylex,677-186-7915
Tempsoft,456-673-4793
Home Ing,749-318-4669
Keylex,747-914-8969
Cardify,992-294-6534
Stim,696-261-2977
Konklux,676-419-1231
Namfix,162-378-4185
Solarbreeze,269-328-9887
Redhold,138-588-4339
Job,635-583-5423
Hatity,232-541-5147
Zoolab,586-337-4117
Solarbreeze,897-523-3963
Bigtax,122-724-8539
Bitchip,777-866-2534
Fixflex,183-255-7516
Tempsoft,149-891-3923
Andalax,314-861-5893
Y-find,853-437-7165
Redhold,456-779-9889
Temp,885-532-9433
Gembucket,174-478-9278
Y-find,396-797-1675
Cardguard,967-826-8788
Stringtough,324-486-1517
Quo Lux,697-265-1647
Bitwolf,331-531-8183
Quo Lux,859-518-6268
Keylex,659-626-6428
Redhold,555-818-2294
Lotlux,678-764-3447
Lotlux,792-353-1637
Stringtough,784-498-6313
Domainer,979-157-1542
Tempsoft,365-464-8368
Pannier,197-364-1223
Transcof,352-748-6156
Sonsing,719-153-1673
Cardify,962-295-3648
Zontrax,765-174-4866
Namfix,964-542-3564
Cardguard,244-287-7597
Fixflex,679-511-7697
Span,563-465-8581
Hatity,816-635-6531
Y-Solowarm,581-228-7693
Prodder,911-535-6128
Voltsillam,342-674-3899
Tampflex,269-922-3887
Tempsoft,759-383-6173
Rank,889-335-1217
Holdlamis,153-377-4315
Domainer,296-468-1464
Voyatouch,735-626-4677
Regrant,632-793-8543
Tampflex,213-968-2248
Tres-Zap,865-847-5649
Asoka,678-641-3233
Ronstring,647-612-9617
Lotstring,694-634-9595
Rank,779-412-5236
Wrapsafe,443-324-2693
Home Ing,828-644-7144
Alphazap,424-388-3695
Tampflex,973-677-3628
Temp,499-947-5422
Tresom,215-871-8123
Stringtough,331-228-9817
Tampflex,846-968-3914
Alpha,743-477-2562
Overhold,219-155-1989
Overhold,451-772-3219
Ventosanzap,859-661-4965
Tin,845-139-8481
Bamity,331-341-4544
Tin,874-991-2962
Zoolab,278-554-5925
Bytecard,321-342-7229
Asoka,987-929-9488
Zontrax,244-492-3132
Zontrax,914-842-2126
Lotlux,881-895-3552
Otcom,342-149-5975
Sonsing,814-423-3266
Zathin,631-771-5777
Zamit,156-989-5941
Opela,386-976-1123
Zontrax,952-516-4621
Flowdesk,291-525-7535
Alpha,717-313-7835
Tampflex,669-896-8722
Overhold,492-711-3888
Voltsillam,799-226-7228
Konklux,993-479-7739
Solarbreeze,443-342-8588
Viva,915-195-8262
Wrapsafe,679-565-7143
Mat Lam Tam,447-586-6493
Transcof,714-312-4819
Bamity,621-614-9643
Mat Lam Tam,654-588-3859
Bigtax,646-313-5697
Tres-Zap,845-882-9851
Viva,356-346-2616
Flexidy,114-135-4477
Temp,156-525-3985
Alpha,646-315-2238
Namfix,112-577-1797
Job,911-431-1769
Gembucket,467-715-1149
Zamit,539-627-8918
Toughjoyfax,555-524-6651
Cardify,618-992-9581
Zoolab,255-393-7617
Fintone,991-143-1654
Toughjoyfax,381-419-7474
Zamit,542-158-3614
Domainer,927-485-3122
Rank,983-181-8246
Cookley,977-441-1543
Gembucket,265-814-1398
Daltfresh,694-927-2651
Tresom,372-719-7723
Zathin,711-717-9452
Gembucket,696-563-8374
Ventosanzap,748-457-6313
Andalax,515-545-7837
Stim,425-622-5844
Keylex,821-188-3879
Cookley,521-646-6359
Keylex,442-611-3767
Tresom,728-421-2173
Fintone,161-959-6166
Fix San,932-435-1654
Tin,179-499-7972
Zamit,776-192-5494
Zoolab,483-534-4415
Prodder,528-365-4834
Temp,377-271-9847
It,158-988-1347
Toughjoyfax,784-621-4742
Asoka,387-335-8277
Stringtough,818-415-9214
Toughjoyfax,763-131-4417
Andalax,415-331-5668
Bigtax,461-967-2491
Vagram,568-977-8489
Solarbreeze,899-644-1839
Stronghold,581-669-8459
Fix San,765-816-5821
Redhold,569-286-8545
Ventosanzap,266-564-7355
Lotstring,457-126-2178
Stim,425-593-2997
Gembucket,396-181-8151
Lotstring,248-621-1615
Zaam-Dox,148-773-2511
Flexidy,786-868-2964
Solarbreeze,854-469-1174
Alpha,563-238-3613
Overhold,595-754-4132
Fixflex,541-674-7134
Trippledex,859-495-5783
Transcof,162-536-1877
Prodder,174-681-4624
Veribet,212-169-1558
Namfix,733-969-9876
Konklux,883-987-6553
Temp,889-549-4515
Fix San,139-374-3663
Fix San,114-741-9261
Solarbreeze,518-964-7789
Solarbreeze,532-198-2276
Biodex,122-978-2944
Stronghold,727-825-8351
Alpha,825-142-5329
Vagram,195-646-4647
Fix San,454-791-6226
Quo Lux,599-344-6741
Y-find,795-437-3372
Pannier,244-571-6858
Bigtax,469-872-3661
Y-Solowarm,325-697-5368
Tempsoft,813-138-9226
Temp,127-522-4964
It,366-718-5536
Tresom,724-597-1816
Flexidy,339-921-6454
Y-Solowarm,481-195-6988
Ronstring,139-647-8944
Hatity,419-199-9542
Zaam-Dox,253-425-4664
Tampflex,363-965-5929
Bitchip,368-842-9221
Redhold,395-363-5814
Sub-Ex,935-836-6357
Fixflex,446-269-1919
Prodder,982-392-4395
Zoolab,793-798-9981
Lotlux,475-215-4586
Regrant,126-391-8316
Ronstring,363-246-2587
Rank,532-773-7614
Andalax,188-147-5338
Regrant,277-995-6377
Ventosanzap,436-457-7563
Sonair,868-339-8491
Zoolab,897-491-9864
Asoka,952-788-7822
Kanlam,949-613-8898
Kanlam,473-217-1351
Namfix,358-252-5543
Stim,434-785-5631
Alphazap,973-421-4362
Bytecard,254-696-6323
Treeflex,546-879-2746
Ventosanzap,962-775-1238
Stim,892-247-4737
Konklux,485-265-1277
Bitchip,175-915-8513
Toughjoyfax,272-355-4394
Veribet,299-643-4726
Fintone,927-872-8932
Veribet,145-977-8622
Domainer,165-736-1759
Job,887-748-2362
Bigtax,171-688-3392
Zamit,473-346-8379
Span,978-361-8879
Voyatouch,273-294-8518
Prodder,943-895-8646
Konklux,123-423-4483
Sonsing,491-364-1523
Biodex,963-244-5181
Zoolab,356-646-3286
Asoka,257-426-5952
Holdlamis,325-398-7363
Y-find,327-476-6712
Namfix,289-199-3558
Biodex,684-717-5246
Stringtough,652-747-2279
Solarbreeze,338-667-3994
Vagram,815-358-4469
Asoka,282-877-8564
Kanlam,136-148-7988
Transcof,546-652-4678
Stim,937-916-4895
Voltsillam,861-123-2354
Domainer,964-695-8379
Alphazap,564-341-4638
Y-Solowarm,196-992-9472
Cardguard,368-996-4121
Fixflex,817-811-1998
Tin,513-769-1174
Zoolab,825-614-8829
Tresom,259-549-3472
Tin,323-396-9187
Trippledex,372-752-9626
Keylex,483-389-2831
Lotstring,513-665-8472
Latlux,123-762-7318
Opela,377-241-1741
Wrapsafe,353-971-4145
Sonair,317-562-3926
Fintone,628-284-4748
Transcof,276-342-9348
Y-find,356-863-6345
Y-find,592-319-9313
Keylex,249-978-8783
Konklux,459-347-9689
Zathin,844-683-3682
Transcof,842-767-2344
Vagram,678-815-4797
Duobam,813-992-2245
Voyatouch,736-448-8892
Opela,392-196-1339
Ventosanzap,844-764-4332
Hatity,499-557-9988
Home Ing,496-554-6416
Zamit,314-196-3819
Fixflex,512-649-8263
Fix San,928-241-3571
Zamit,188-431-1651
Stronghold,213-484-2777
Andalax,923-337-8296
Sonsing,794-764-4172
Lotstring,495-782-3368
Bitwolf,126-436-3774
Zathin,424-362-2841
Lotlux,362-518-8925
Tempsoft,314-276-9512
Treeflex,545-128-5889
Zoolab,483-483-4363
Aerified,562-855-2193
It,227-935-5555
Kanlam,299-432-9617
Zamit,838-362-4172
Bytecard,969-515-7881
Transcof,721-233-9998
Tresom,689-777-6947
Bytecard,994-445-9615
Vagram,746-494-8177
Keylex,637-238-4739
Vagram,377-521-7116
Daltfresh,798-488-7653
Fintone,489-629-3215
Redhold,151-488-7772
Zamit,127-752-7853
Aerified,342-269-1287
Job,626-953-1845
Ventosanzap,163-917-3396
Veribet,426-694-6386
Solarbreeze,667-892-3638
Daltfresh,198-416-4925
Alpha,584-533-4287
Pannier,118-848-6497
Namfix,712-328-1634
Holdlamis,684-126-9621
Lotstring,893-651-7482
Stringtough,461-297-8781
Kanlam,377-522-3789
Duobam,449-524-2284
Lotstring,237-152-8643
Greenlam,185-334-5669
Toughjoyfax,837-337-8181
Lotlux,198-956-1627
Stringtough,419-852-7983
Solarbreeze,436-979-5938
Greenlam,629-759-6841
Prodder,868-317-7818
Prodder,215-892-1337
Bitwolf,624-225-8221
Duobam,885-693-3691
Kanlam,512-887-4886
Fix San,617-878-6596
Sonair,972-736-2212
Stronghold,484-155-8952
Regrant,651-562-7419
Konklux,599-872-5925
Voyatouch,431-591-5313
Lotstring,739-788-8844
Andalax,443-963-7146
Fintone,555-265-2439
Veribet,128-451-5486
Zathin,865-973-6656
Bytecard,984-415-1222
Viva,767-829-7528
Cardguard,227-513-4147
Sub-Ex,349-825-6378
Namfix,766-446-6136
Lotstring,213-416-3246
Kanlam,227-877-1692
Job,396-598-1521
Cookley,449-464-4549
Pannier,766-931-6935
Zaam-Dox,693-657-5482
Y-find,663-889-8972
Andalax,757-731-2285
Bigtax,699-123-2425
Flowdesk,343-414-6968
Voltsillam,864-582-1543
Tresom,234-237-4531
Ventosanzap,287-377-1782
Rank,913-159-9485
Regrant,551-374-9426
Latlux,791-114-3192
Matsoft,367-545-6825
Subin,393-152-6154
Namfix,219-689-9985
Mat Lam Tam,846-699-4354
Subin,797-278-8673
Sonair,477-813-6781
Tempsoft,171-185-2361
Tempsoft,347-335-5263
Home Ing,676-899-3979
Keylex,635-523-6743
Fix San,866-569-9346
Zontrax,369-272-3949
Stronghold,546-955-9214
Treeflex,932-775-2221
Konklux,781-896-2796
Voltsillam,315-549-4174
Bamity,227-821-3139
Redhold,513-252-5287
Zontrax,845-149-2512
Transcof,286-692-2833
Sonair,684-265-7379
Kanlam,466-771-1383
Quo Lux,422-752-1276
Opela,152-619-2123
Cardguard,871-513-4169
Bitwolf,712-886-6116
Temp,729-917-9886
Cookley,816-438-9669
Overhold,295-515-3855
Transcof,388-457-5282
Regrant,977-496-7124
Greenlam,654-459-7752
Fixflex,774-384-4916
Tin,646-182-9415
Konklux,473-479-6574
Overhold,851-591-7765
Voltsillam,382-621-1157
Fix San,239-812-1713
Duobam,653-272-7213
Stringtough,996-815-4694
Toughjoyfax,238-356-2938
Toughjoyfax,114-823-6368
Konklab,757-131-1154
Treeflex,824-219-4953
Namfix,221-621-6188
Daltfresh,488-229-3634
Y-Solowarm,546-644-7262
Matsoft,672-735-6961
Temp,523-359-8764
Subin,449-136-8435
Sub-Ex,215-576-9371
Zamit,762-712-1914
Voltsillam,753-423-9776
Tampflex,243-156-3364
Overhold,355-345-6414
Aerified,218-863-6685
Viva,557-491-1544
Lotlux,934-631-7417
Trippledex,948-825-3145
Cookley,536-665-5672
Bytecard,778-854-2315
Lotstring,872-582-9797
Duobam,135-558-3836
Wrapsafe,458-787-3872
It,981-434-7797
Y-Solowarm,932-222-6463
Domainer,571-942-9988
Wrapsafe,559-394-9918
Ventosanzap,187-612-3422
Tin,315-869-5535
Namfix,969-213-1273
Sub-Ex,567-228-9595
Lotlux,881-673-8352
Wrapsafe,896-454-8349
Alphazap,376-982-9179
Fixflex,254-487-7794
Sonair,947-295-6516
Gembucket,656-591-6167
Aerified,166-531-5931
Tin,155-817-3832
Zamit,826-485-4998
Aerified,244-437-6267
Y-Solowarm,114-544-3661
Mat Lam Tam,518-393-8425
Prodder,354-622-8358
Veribet,283-522-9695
Otcom,697-182-1971
Tin,586-411-8964
Overhold,169-411-3582
Duobam,498-696-8521
Viva,481-916-2295
Trippledex,562-766-1259
Y-find,652-293-3835
Zathin,797-959-5327
Latlux,199-114-1327
Daltfresh,582-859-1737
Zoolab,766-944-2264
Toughjoyfax,264-787-2823
Cardify,817-789-4771
Alpha,552-482-6832
Alpha,117-483-4982
Y-Solowarm,842-837-8645
Bitchip,218-178-4948
Sonair,937-736-8867
Solarbreeze,512-596-2328
Treeflex,396-332-4632
Zoolab,872-825-7637
Rank,823-572-8947
Tin,867-896-6789
Bytecard,147-388-2318
Bitchip,242-319-1748
Aerified,677-966-6249
Bigtax,786-836-1947
Holdlamis,833-426-8656
Bitwolf,421-516-9538
Alpha,293-166-4586
Alphazap,142-872-4186
Cookley,783-356-4376
Zaam-Dox,951-931-7131
Quo Lux,363-844-6971
Tampflex,583-317-6165
Daltfresh,682-669-3333
Regrant,123-355-1456
Job,219-748-8338
Asoka,971-834-8765
Mat Lam Tam,224-977-6468
Y-find,479-286-3576
Zontrax,655-917-6952
Konklab,899-173-3852
Vagram,988-146-9524
Tampflex,838-198-1923
Holdlamis,778-745-6124
Stringtough,241-612-4582
Fintone,642-156-2695
Bigtax,571-199-2616
Veribet,819-586-2156
Pannier,441-516-3451
Regrant,946-499-3544
Domainer,436-275-5285
Stronghold,837-758-7275
Kanlam,712-776-3319
Sub-Ex,673-613-4332
Temp,784-147-7231
Namfix,727-824-1525
Quo Lux,647-442-4371
Treeflex,922-561-9422
Solarbreeze,259-778-7726
Tresom,754-718-2213
Namfix,849-211-6597
Biodex,431-164-5286
Tres-Zap,123-195-2753
Prodder,887-888-7763
Solarbreeze,155-871-9189
Regrant,615-487-4124
Bamity,321-478-8117
Bitwolf,824-586-8262
Zathin,256-151-4563
Zaam-Dox,343-862-5816
Kanlam,587-578-7757
Tampflex,815-638-2845
Temp,763-977-1784
Solarbreeze,215-771-2964
Stringtough,255-683-2368
Domainer,599-491-6312
Veribet,446-683-4249
Subin,666-287-7758
Ronstring,371-161-7139
Bitchip,525-815-5489
It,551-346-9269
Matsoft,768-926-9722
Regrant,858-396-9387
Ronstring,669-863-2932
Cardguard,656-278-3614
Bytecard,532-942-8277
Greenlam,359-643-2589
Viva,437-395-4589
Alpha,753-333-4935
Tres-Zap,199-693-9898
Hatity,478-215-2897
Daltfresh,866-277-9192
Duobam,536-557-6152
Mat Lam Tam,854-763-7929
Sub-Ex,488-869-2125
Kanlam,458-295-9775
Transcof,735-846-5385
Solarbreeze,122-721-4856
Sonsing,673-415-6938
Stim,377-423-8794
Opela,534-267-6628
Stim,438-319-1259
Fixflex,966-692-4327
Bigtax,176-928-2725
Regrant,649-839-6139
Quo Lux,532-431-7593
Fix San,467-897-1838
Bitwolf,537-586-2533
Kanlam,382-484-1971
Tempsoft,554-775-3884
Gembucket,586-389-8899
Viva,677-281-4218
Duobam,851-283-5325
Cardify,556-766-1929
Holdlamis,658-982-8157
Opela,522-546-1983
Subin,272-211-1651
Sub-Ex,711-675-6467
Cookley,757-922-4555
Bigtax,512-478-7991
Viva,657-264-6598
Alpha,648-713-5773
Home Ing,187-513-5324
Zamit,952-177-6553
Opela,882-942-9489
Fix San,896-147-2788
Viva,139-668-8143
Latlux,626-416-4327
Sub-Ex,269-812-1591
Kanlam,658-422-7243
Hatity,868-347-5762
Bitwolf,777-653-1626
Daltfresh,436-837-9155
Gembucket,527-384-7394
Quo Lux,977-339-8335
Bitwolf,226-198-2914
Alpha,414-236-9934
Aerified,425-668-8794
Trippledex,519-788-6172
Latlux,483-399-2396
Asoka,336-456-2442
Fintone,187-519-8928
Sonair,171-385-9318
Zoolab,226-181-5855
Sub-Ex,584-277-4389
Cardguard,828-338-1469
Temp,965-539-1946
Job,885-169-9819
Alphazap,861-797-9678
Lotlux,178-651-1479
Wrapsafe,966-738-3827
Solarbreeze,688-888-8625
Cardguard,113-799-8895
Y-find,172-978-6236
Rank,981-177-7634
Latlux,872-141-8858
Fix San,752-228-2598
Holdlamis,245-289-8219
Zathin,954-315-5848
Tin,213-537-1411
Temp,846-266-5125
Job,269-495-4974
Stim,586-971-8918
Duobam,871-149-4752
Transcof,389-977-2585
Flowdesk,273-581-5256
Vagram,238-265-7362
Flowdesk,866-115-4389
Stim,623-621-4789
Sonsing,366-896-3949
Overhold,129-593-8894
Holdlamis,682-452-8142
Lotlux,366-161-9564
Tres-Zap,785-921-5269
Pannier,692-849-6893
Greenlam,817-493-6117
Flowdesk,494-745-4446
Aerified,934-655-8678
Sonair,665-166-3511
Zontrax,515-392-4156
Wrapsafe,659-294-6833
It,173-267-4725
Stringtough,981-557-6716
Span,881-928-8285
Cardguard,655-633-7996
Toughjoyfax,383-554-9653
Asoka,322-823-1331
Aerified,529-522-9255
Bigtax,289-685-1238
Temp,924-256-9791
Transcof,853-892-7451
Namfix,725-938-1186
Fixflex,294-727-1415
Namfix,681-148-9649
Hatity,872-559-1238
Job,711-192-6155
Tampflex,241-237-2278
Tempsoft,922-835-4145
Treeflex,933-328-7393
Cookley,545-465-1284
Home Ing,592-774-6183
Tin,882-592-5558
Otcom,144-793-5943
Otcom,219-745-6919
Greenlam,663-242-7345
Zathin,976-655-1838
Home Ing,575-176-1797
Span,794-464-1956
Sub-Ex,347-755-4638
Hatity,264-861-8992
Stringtough,218-115-3486
Duobam,465-115-9278
Konklab,672-547-8374
Sonsing,781-917-3745
Duobam,464-663-4319
Span,545-347-2696
Zamit,368-219-6932
Zaam-Dox,669-193-9433
Pannier,317-398-5845
Mat Lam Tam,467-327-5658
Domainer,843-638-8467
Greenlam,496-241-8463
Andalax,438-219-4514
Zontrax,829-844-9243
Rank,267-253-6716
Daltfresh,434-746-3185
Gembucket,842-862-7256
Cookley,996-719-3195
Hatity,981-894-5353
Flowdesk,734-493-6548
Vagram,928-468-5589
Vagram,359-139-2387
Y-Solowarm,215-569-4792
Cardguard,719-845-6494
Asoka,312-532-9235
Trippledex,753-761-1617
Bigtax,958-934-9869
Quo Lux,775-765-9648
Stronghold,328-431-4912
Sub-Ex,842-111-6559
Toughjoyfax,282-881-5665
Zamit,326-231-9523
Zaam-Dox,337-989-5726
Span,739-918-3278
Bamity,625-634-2286
Wrapsafe,356-666-4448
Konklux,912-959-8451
Trippledex,367-813-4694
Ventosanzap,883-222-9227
Ventosanzap,477-292-6964
Duobam,798-365-6732
It,383-316-4189
Zoolab,565-245-8243
Lotstring,161-568-9884
Cardguard,373-833-1852
Gembucket,582-398-8528
Transcof,586-484-2672
Cookley,579-464-1894
Keylex,552-793-8697
Daltfresh,444-958-7561
Voyatouch,639-319-7466
Regrant,433-386-5528
Tres-Zap,831-832-1927
Transcof,587-996-7115
Subin,488-928-3825
Zamit,756-448-6455
Home Ing,875-278-5659
Pannier,716-746-5613
Andalax,758-268-6368
Transcof,393-625-8135
Alphazap,854-114-1774
Biodex,528-895-5762
Lotstring,499-729-3351
Sub-Ex,691-342-8574
Fixflex,777-627-2739
Lotstring,837-452-4834
Subin,395-911-9255
Konklab,954-876-2978
Zamit,546-769-6324
Cardguard,193-995-8829
Stronghold,599-422-6516
Regrant,676-143-7984
Fixflex,977-957-8835
Temp,834-455-8965
Tin,156-477-8817
Daltfresh,961-942-5862
Aerified,145-699-4589
Asoka,519-477-7283
Bitchip,852-892-1181
Lotlux,142-611-9218
Bytecard,727-459-1983
Tampflex,144-918-2696
Duobam,278-615-1544
Bitchip,777-676-1276
Voltsillam,257-121-7115
Pannier,661-238-1132
Wrapsafe,983-672-1645
Regrant,241-961-5176
Tempsoft,645-952-4278
Bytecard,556-677-5662
Namfix,441-162-9894
Home Ing,811-215-5272
Bitchip,785-625-7734
Biodex,268-383-9976
Zaam-Dox,966-485-6887
Zoolab,797-635-3742
Tres-Zap,779-263-2822
Prodder,181-156-3684
Viva,179-835-8273
Fixflex,614-443-5371
Greenlam,948-539-5384
Cardguard,731-339-4591
Fixflex,651-852-6795
Home Ing,318-954-3778
Solarbreeze,555-823-3335
Job,742-451-2173
It,578-442-7561
Home Ing,415-988-2827
Tresom,541-178-7835
Y-find,244-867-1439
Alphazap,962-375-4675
Namfix,361-293-9532
Stim,649-929-9843
Konklab,545-134-3541
Cardify,238-347-1594
Regrant,443-419-9594
Overhold,292-163-7597
Vagram,267-262-9429
Lotstring,612-995-4313
It,152-247-9847
Holdlamis,641-663-8477
Quo Lux,787-972-6362
Domainer,195-529-8419
Zamit,178-475-9942
Voltsillam,371-179-3826
Konklab,335-973-1984
Konklux,356-884-9748
Daltfresh,485-316-8922
Job,531-652-2322
Ronstring,182-622-7933
Duobam,485-343-5228
Cardguard,934-482-8113
Prodder,117-472-7233
Domainer,962-468-9321
Prodder,868-882-1654
Transcof,871-926-4632
Span,425-221-5896
Cardify,757-971-9695
Daltfresh,112-787-2571
Flexidy,956-676-2571
Bytecard,342-845-5864
Andalax,387-787-9377
Bitwolf,769-693-6682
Vagram,669-563-6135
Andalax,555-292-6787
Subin,362-178-3716
Veribet,647-452-5763
Cardguard,186-528-5295
Holdlamis,779-366-6983
Solarbreeze,787-939-7383
Vagram,529-875-7159
Tampflex,676-663-7428
Bitwolf,194-416-2165
Ventosanzap,655-542-5175
Ronstring,563-634-8816
Matsoft,584-112-4597
Bamity,621-858-6453
Bitchip,412-543-2678
Tresom,282-791-2719
Greenlam,879-756-3778
Solarbreeze,226-459-5262
Transcof,364-115-5181
Viva,917-186-1436
Home Ing,284-732-3943
Bitchip,436-282-7764
Biodex,332-923-9591
Toughjoyfax,187-347-3123
Mat Lam Tam,689-268-5978
Stim,552-142-3256
It,744-926-1757
Span,177-934-3989
Andalax,158-291-9415
Y-find,753-327-9664
Solarbreeze,712-463-3617
Namfix,269-595-5553
Redhold,363-371-9362
Flowdesk,771-597-1815
Opela,946-624-4755
Redhold,657-146-5644
Treeflex,835-925-8949
Fixflex,141-221-7212
Fix San,333-396-2975
Duobam,691-734-5128
Bitchip,689-618-2612
Zoolab,882-349-5698
Opela,757-333-8891
Gembucket,363-913-4691
Overhold,789-756-9886
Bitwolf,389-632-8975
Daltfresh,283-726-1812
Cardguard,914-212-3124
Span,922-656-3831
Daltfresh,724-823-3373
Subin,536-862-9387
Transcof,953-874-3672
Bamity,634-852-3464
Tin,862-231-2262
Cardguard,124-528-5814
Fixflex,925-133-9964
Latlux,536-248-6643
Stronghold,861-217-8936
Bamity,648-277-9135
Lotstring,974-922-2141
Stronghold,412-986-1165
Bitchip,956-447-8349
Sonsing,622-981-5485
Temp,858-438-9159
Wrapsafe,415-252-1485
Tempsoft,521-662-3932
Viva,424-291-1287
Redhold,816-994-2543
Ronstring,545-456-7294
Alphazap,779-634-6581
Alphazap,856-896-3933
Bitchip,242-673-8131
Transcof,481-977-3151
Bigtax,779-525-5229
Tin,172-555-6177
Stim,379-542-3288
Matsoft,531-581-3589
Bamity,759-122-2273
Fix San,618-898-1627
Tresom,251-746-5473
Pannier,821-659-5381
Namfix,442-519-7862
Biodex,928-717-1747
Keylex,745-862-7992
Opela,589-848-6567
Stim,854-622-3821
Bytecard,963-639-8928
Lotstring,364-323-1897
Y-find,177-664-1911
Flowdesk,171-165-6425
Zaam-Dox,727-517-3644
Trippledex,497-983-2848
Transcof,268-178-4721
Trippledex,753-282-9996
Lotlux,511-228-8611
Tempsoft,425-751-4212
Tin,459-551-6659
Prodder,574-655-2117
Zaam-Dox,431-158-6458
Viva,457-999-2369
Opela,379-165-8732
Bitwolf,546-729-3447
Lotstring,188-766-2967
Pannier,955-321-8821
Zontrax,963-256-6172
Fix San,698-185-6646
Stronghold,333-636-9517
Cookley,978-475-6218
Span,149-168-5265
Fixflex,828-436-5931
Lotlux,987-222-2322
Solarbreeze,977-114-4833
Zontrax,522-911-1519
Cookley,243-769-2468
Mat Lam Tam,576-357-2569
Viva,222-277-1822
Veribet,631-892-9471
Tampflex,518-258-2647
Stim,226-889-5715
